airbnb.com,P6ne
P6ne,airbnb.com
airbnb.com,GSXT
airbnb.com,yjhU
https://www.google.com/search?q=html+open+in+new+tab&rlz=1C1CHBF_deDE872DE872&oq=html+open+i&aqs=chrome.1.69i57j0l4j69i60.3694j0j7&sourceid=chrome&ie=UTF-8,aFGM
airbnb.com,U3h8
https://www.google.com/search?q=html+open+in+new+tab&rlz=1C1CHBF_deDE872DE872&oq=html+open+i&aqs=chrome.1.69i57j0l4j69i60.3694j0j7&sourceid=chrome&ie=UTF-8,k5Xj
https://www.google.com/search?q=html+open+in+new+tab&rlz=1C1CHBF_deDE872DE872&oq=html+open+i&aqs=chrome.1.69i57j0l4j69i60.3694j0j7&sourceid=chrome&ie=UTF-8,KM7V
https://www.google.com/search?q=html+open+in+new+tab&rlz=1C1CHBF_deDE872DE872&oq=html+open+i&aqs=chrome.1.69i57j0l4j69i60.3694j0j7&sourceid=chrome&ie=UTF-8,BniR
https://www.google.com/search?q=html+open+in+new+tab&rlz=1C1CHBF_deDE872DE872&oq=html+open+i&aqs=chrome.1.69i57j0l4j69i60.3694j0j7&sourceid=chrome&ie=UTF-8,mD6h
https://www.google.com/search?q=html+open+in+new+tab&rlz=1C1CHBF_deDE872DE872&oq=html+open+i&aqs=chrome.1.69i57j0l4j69i60.3694j0j7&sourceid=chrome&ie=UTF-8,MEgP
airbnb.com,qzLp
https://airbnb.com,EaoL
http://airbnb.com,qRAH
http://airbnb.com,2JJz
http://airbnb.com,GNY3
http://airbnb.com,WSHa
http://airbnb.com,LUG7
http://airbnb.com,NNr4
http://airbnb.com,TJbE
http://airbnb.com,RSXx
http://airbnb.com,Uq4E
http://airbnb.com,Kzf7
http://airbnb.com,s3AU
http://airbnb.com,ZG6h
http://airbnb.com,2UEH
http://airbnb.com,AYot
http://airbnb.com,WUKx
http://airbnb.com,bu53
http://airbnb.com,GLek
http://airbnb.com,cwu4
http://airbnb.com,qtuK
http://airbnb.com,QJQp
